record_type,seed,S,A,gamma,K,L_z,n,sigma_xi,alpha,beta,candidate_mode,value_error,decomposition_bound,finite_depth_residual,finite_depth_residual_bound,eps_res_star,eps_res_n,eps_A_cand,eps_A_bound,eta_pi,eta_pi_alpha,Lhat_pi_alpha,eps_CPI,penalty_decomp,penalty_exact_A,certificate_holds_decomp,certificate_holds_exact_A
value_curve,0,64,4,0.9,3,0.2,1,0.05,0.0,0.0,none,0.5789471056144722,1.0145276379304784,0.27448507974194847,1.0128600728485186,0.11265912286242064,0.27448507974194847,0.0,0.0,-0.7460388228045816,-0.7460388228045816,-0.7460388228045816,0.0,0.0,0.0,1,1
value_curve,0,64,4,0.9,3,0.2,2,0.05,0.0,0.0,none,0.19666850296103888,0.5354785840065257,0.13925596034868626,0.5138596322829753,0.11265912286242064,0.13925596034868626,0.0,0.0,-0.7460388228045816,-0.7460388228045816,-0.7460388228045816,0.0,0.0,0.0,1,1
value_curve,0,64,4,0.9,3,0.2,3,0.05,0.0,0.0,none,0.1226552971800654,0.43966877322173514,0.1131770480008365,0.41762748339792083,0.11265912286242064,0.1131770480008365,0.0,0.0,-0.7460388228045816,-0.7460388228045816,-0.7460388228045816,0.0,0.0,0.0,1,1
value_curve,0,64,4,0.9,3,0.2,4,0.05,0.0,0.0,none,0.1216509477211555,0.42050681106477705,0.1127627078901039,0.41609855310001453,0.11265912286242064,0.1127627078901039,0.0,0.0,-0.7460388228045816,-0.7460388228045816,-0.7460388228045816,0.0,0.0,0.0,1,1
value_curve,0,64,4,0.9,3,0.2,5,0.05,0.0,0.0,none,0.1214500778293735,0.41667441863338545,0.11267983986795738,0.4157927670404333,0.11265912286242064,0.11267983986795738,0.0,0.0,-0.7460388228045816,-0.7460388228045816,-0.7460388228045816,0.0,0.0,0.0,1,1
value_curve,0,64,4,0.9,3,0.2,6,0.05,0.0,0.0,none,0.1214099038510171,0.41590794014710714,0.11266326626352796,0.4157316098285166,0.11265912286242064,0.11266326626352796,0.0,0.0,-0.7460388228045816,-0.7460388228045816,-0.7460388228045816,0.0,0.0,0.0,1,1
value_curve,0,64,4,0.9,3,0.2,7,0.05,0.0,0.0,none,0.12140186905534586,0.41575464444985144,0.11265995154264219,0.4157193783861337,0.11265912286242064,0.11265995154264219,0.0,0.0,-0.7460388228045816,-0.7460388228045816,-0.7460388228045816,0.0,0.0,0.0,1,1
value_curve,0,64,4,0.9,3,0.2,8,0.05,0.0,0.0,none,0.12140026209621158,0.41572398531040033,0.11265928859846508,0.41571693209765725,0.11265912286242064,0.11265928859846508,0.0,0.0,-0.7460388228045816,-0.7460388228045816,-0.7460388228045816,0.0,0.0,0.0,1,1
value_curve,0,64,4,0.9,3,0.2,9,0.05,0.0,0.0,none,0.12139994070438473,0.4157178534825101,0.1126591560096295,0.4157164428399614,0.11265912286242064,0.1126591560096295,0.0,0.0,-0.7460388228045816,-0.7460388228045816,-0.7460388228045816,0.0,0.0,0.0,1,1
value_curve,0,64,4,0.9,3,0.2,10,0.05,0.0,0.0,none,0.12139987642601938,0.415716627116932,0.11265912949186252,0.41571634498842275,0.11265912286242064,0.11265912949186252,0.0,0.0,-0.7460388228045816,-0.7460388228045816,-0.7460388228045816,0.0,0.0,0.0,1,1
value_curve,0,64,4,0.9,3,0.2,11,0.05,0.0,0.0,none,0.1213998635703463,0.41571638184381643,0.11265912418830903,0.41571632541811465,0.11265912286242064,0.11265912418830903,0.0,0.0,-0.7460388228045816,-0.7460388228045816,-0.7460388228045816,0.0,0.0,0.0,1,1
value_curve,0,64,4,0.9,3,0.2,12,0.05,0.0,0.0,none,0.12139986099921168,0.4157163327891933,0.1126591231275984,0.4157163215040533,0.11265912286242064,0.1126591231275984,0.0,0.0,-0.7460388228045816,-0.7460388228045816,-0.7460388228045816,0.0,0.0,0.0,1,1
value_curve,0,64,4,0.9,3,0.2,13,0.05,0.0,0.0,none,0.12139986048498477,0.41571632297826866,0.11265912291545621,0.41571632072124076,0.11265912286242064,0.11265912291545621,0.0,0.0,-0.7460388228045816,-0.7460388228045816,-0.7460388228045816,0.0,0.0,0.0,1,1
value_curve,0,64,4,0.9,3,0.2,14,0.05,0.0,0.0,none,0.12139986038213937,0.41571632101608375,0.11265912287302782,0.41571632056467844,0.11265912286242064,0.11265912287302782,0.0,0.0,-0.7460388228045816,-0.7460388228045816,-0.7460388228045816,0.0,0.0,0.0,1,1
value_curve,0,64,4,0.9,3,0.2,15,0.05,0.0,0.0,none,0.1213998603615703,0.4157163206236468,0.11265912286454216,0.41571632053336605,0.11265912286242064,0.11265912286454216,0.0,0.0,-0.7460388228045816,-0.7460388228045816,-0.7460388228045816,0.0,0.0,0.0,1,1
value_curve,0,64,4,0.9,3,0.2,16,0.05,0.0,0.0,none,0.12139986035745648,0.4157163205451594,0.11265912286284507,0.4157163205271037,0.11265912286242064,0.11265912286284507,0.0,0.0,-0.7460388228045816,-0.7460388228045816,-0.7460388228045816,0.0,0.0,0.0,1,1
value_curve,0,64,4,0.9,3,0.2,17,0.05,0.0,0.0,none,0.12139986035663372,0.4157163205294619,0.11265912286250557,0.41571632052585095,0.11265912286242064,0.11265912286250557,0.0,0.0,-0.7460388228045816,-0.7460388228045816,-0.7460388228045816,0.0,0.0,0.0,1,1
value_curve,0,64,4,0.9,3,0.2,18,0.05,0.0,0.0,none,0.12139986035646916,0.4157163205263224,0.11265912286243762,0.4157163205256002,0.11265912286242064,0.11265912286243762,0.0,0.0,-0.7460388228045816,-0.7460388228045816,-0.7460388228045816,0.0,0.0,0.0,1,1
value_curve,0,64,4,0.9,3,0.2,19,0.05,0.0,0.0,none,0.12139986035643624,0.4157163205256945,0.11265912286242408,0.41571632052555024,0.11265912286242064,0.11265912286242408,0.0,0.0,-0.7460388228045816,-0.7460388228045816,-0.7460388228045816,0.0,0.0,0.0,1,1
value_curve,0,64,4,0.9,3,0.2,20,0.05,0.0,0.0,none,0.12139986035642966,0.41571632052556895,0.1126591228624213,0.41571632052554,0.11265912286242064,0.1126591228624213,0.0,0.0,-0.7460388228045816,-0.7460388228045816,-0.7460388228045816,0.0,0.0,0.0,1,1
value_curve,0,64,4,0.9,3,0.5,1,0.05,0.0,0.0,none,1.3870815151707576,1.9127446140378899,0.5415047419270176,1.99817247943549,0.11265912286242064,0.5415047419270176,0.0,0.0,-0.7460388228045816,-0.7460388228045816,-0.7460388228045816,0.0,0.0,0.0,1,1
value_curve,0,64,4,0.9,3,0.5,2,0.05,0.0,0.0,none,0.69840916894367,1.1642304672817136,0.3167441795523427,1.16879771052525,0.11265912286242064,0.3167441795523427,0.0,0.0,-0.7460388228045816,-0.7460388228045816,-0.7460388228045816,0.0,0.0,0.0,1,1
value_curve,0,64,4,0.9,3,0.5,3,0.05,0.0,0.0,none,0.39975401062067517,0.7899733939036255,0.2110964300263567,0.7789536163334199,0.11265912286242064,0.2110964300263567,0.0,0.0,-0.7460388228045816,-0.7460388228045816,-0.7460388228045816,0.0,0.0,0.0,1,1
value_curve,0,64,4,0.9,3,0.5,4,0.05,0.0,0.0,none,0.25042643145917776,0.6028448572145816,0.15827255526336392,0.5840315692375054,0.11265912286242064,0.15827255526336392,0.0,0.0,-0.7460388228045816,-0.7460388228045816,-0.7460388228045816,0.0,0.0,0.0,1,1
value_curve,0,64,4,0.9,3,0.5,5,0.05,0.0,0.0,none,0.17576264187842927,0.5092805888700596,0.13186061788186754,0.4865705456895483,0.11265912286242064,0.13186061788186754,0.0,0.0,-0.7460388228045816,-0.7460388228045816,-0.7460388228045816,0.0,0.0,0.0,1,1
value_curve,0,64,4,0.9,3,0.5,6,0.05,0.0,0.0,none,0.13843074708805458,0.46249845469779854,0.1186546491911189,0.437840033915568,0.11265912286242064,0.1186546491911189,0.0,0.0,-0.7460388228045816,-0.7460388228045816,-0.7460388228045816,0.0,0.0,0.0,1,1
value_curve,0,64,4,0.9,3,0.5,7,0.05,0.0,0.0,none,0.12262587287951138,0.439107387611668,0.113164909130405,0.41758269051809976,0.11265912286242064,0.113164909130405,0.0,0.0,-0.7460388228045816,-0.7460388228045816,-0.7460388228045816,0.0,0.0,0.0,1,1
value_curve,0,64,4,0.9,3,0.5,8,0.05,0.0,0.0,none,0.1220128666179697,0.42741185406860277,0.11291201599641276,0.41664950552181845,0.11265912286242064,0.11291201599641276,0.0,0.0,-0.7460388228045816,-0.7460388228045816,-0.7460388228045816,0.0,0.0,0.0,1,1
value_curve,0,64,4,0.9,3,0.5,9,0.05,0.0,0.0,none,0.12170636348719888,0.4215640872970702,0.11278556942941675,0.4161829130236782,0.11265912286242064,0.11278556942941675,0.0,0.0,-0.7460388228045816,-0.7460388228045816,-0.7460388228045816,0.0,0.0,0.0,1,1
value_curve,0,64,4,0.9,3,0.5,10,0.05,0.0,0.0,none,0.12155311192181345,0.41864020391130385,0.1127223461459187,0.41594961677460784,0.11265912286242064,0.1127223461459187,0.0,0.0,-0.7460388228045816,-0.7460388228045816,-0.7460388228045816,0.0,0.0,0.0,1,1
value_curve,0,64,4,0.9,3,0.5,11,0.05,0.0,0.0,none,0.12147648613912074,0.4171782622184207,0.11269073450416978,0.41583296865007313,0.11265912286242064,0.11269073450416978,0.0,0.0,-0.7460388228045816,-0.7460388228045816,-0.7460388228045816,0.0,0.0,0.0,1,1
value_curve,0,64,4,0.9,3,0.5,12,0.05,0.0,0.0,none,0.12143817324777437,0.4164472913719791,0.1126749286832952,0.41577464458780533,0.11265912286242064,0.1126749286832952,0.0,0.0,-0.7460388228045816,-0.7460388228045816,-0.7460388228045816,0.0,0.0,0.0,1,1
value_curve,0,64,4,0.9,3,0.5,13,0.05,0.0,0.0,none,0.12141901680210121,0.4160818059487583,0.11266702577285792,0.41574548255667143,0.11265912286242064,0.11266702577285792,0.0,0.0,-0.7460388228045816,-0.7460388228045816,-0.7460388228045816,0.0,0.0,0.0,1,1
value_curve,0,64,4,0.9,3,0.5,14,0.05,0.0,0.0,none,0.12140943857926462,0.4158990632371479,0.11266307431763933,0.4157309015411047,0.11265912286242064,0.11266307431763933,0.0,0.0,-0.7460388228045816,-0.7460388228045816,-0.7460388228045816,0.0,0.0,0.0,1,1
value_curve,0,64,4,0.9,3,0.5,15,0.05,0.0,0.0,none,0.12140464946784632,0.4158076918813427,0.11266109859003004,0.41572361103332134,0.11265912286242064,0.11266109859003004,0.0,0.0,-0.7460388228045816,-0.7460388228045816,-0.7460388228045816,0.0,0.0,0.0,1,1
value_curve,0,64,4,0.9,3,0.5,16,0.05,0.0,0.0,none,0.12140225491213716,0.4157620062034401,0.11266011072622528,0.4157199657794292,0.11265912286242064,0.11266011072622528,0.0,0.0,-0.7460388228045816,-0.7460388228045816,-0.7460388228045816,0.0,0.0,0.0,1,1
value_curve,0,64,4,0.9,3,0.5,17,0.05,0.0,0.0,none,0.1214010576342826,0.41573916336448885,0.1126596167943229,0.4157181431524832,0.11265912286242064,0.1126596167943229,0.0,0.0,-0.7460388228045816,-0.7460388228045816,-0.7460388228045816,0.0,0.0,0.0,1,1
value_curve,0,64,4,0.9,3,0.5,18,0.05,0.0,0.0,none,0.12140045899535531,0.41572774194501316,0.11265936982837199,0.41571723183901116,0.11265912286242064,0.11265936982837199,0.0,0.0,-0.7460388228045816,-0.7460388228045816,-0.7460388228045816,0.0,0.0,0.0,1,1
value_curve,0,64,4,0.9,3,0.5,19,0.05,0.0,0.0,none,0.12140015967589166,0.41572203123527535,0.11265924634539626,0.41571677618227415,0.11265912286242064,0.11265924634539626,0.0,0.0,-0.7460388228045816,-0.7460388228045816,-0.7460388228045816,0.0,0.0,0.0,1,1
value_curve,0,64,4,0.9,3,0.5,20,0.05,0.0,0.0,none,0.12140001001615985,0.41571917588040647,0.11265918460390845,0.41571654835390587,0.11265912286242064,0.11265918460390845,0.0,0.0,-0.7460388228045816,-0.7460388228045816,-0.7460388228045816,0.0,0.0,0.0,1,1
value_curve,0,64,4,0.9,3,0.8,1,0.05,0.0,0.0,none,2.2852984912781693,2.810961590145301,0.9272068832114428,3.4214276133263586,0.11265912286242064,0.9272068832114428,0.0,0.0,-0.7460388228045816,-0.7460388228045816,-0.7460388228045816,0.0,0.0,0.0,1,1
value_curve,0,64,4,0.9,3,0.8,2,0.05,0.0,0.0,none,1.8062494373542166,2.3319125362213486,0.7214990745264163,2.6623582085845627,0.11265912286242064,0.7214990745264163,0.0,0.0,-0.7460388228045816,-0.7460388228045816,-0.7460388228045816,0.0,0.0,0.0,1,1
value_curve,0,64,4,0.9,3,0.8,3,0.05,0.0,0.0,none,1.4230101942150544,1.9486732930821868,0.5569328275783949,2.055102684791126,0.11265912286242064,0.5569328275783949,0.0,0.0,-0.7460388228045816,-0.7460388228045816,-0.7460388228045816,0.0,0.0,0.0,1,1
value_curve,0,64,4,0.9,3,0.8,4,0.05,0.0,0.0,none,1.1164187997037245,1.642081898570857,0.45163522614712237,1.666550649989382,0.11265912286242064,0.45163522614712237,0.0,0.0,-0.7460388228045816,-0.7460388228045816,-0.7460388228045816,0.0,0.0,0.0,1,1
value_curve,0,64,4,0.9,3,0.8,5,0.05,0.0,0.0,none,0.8840054305319123,1.3968087829617928,0.3823979170177718,1.4110624244198227,0.11265912286242064,0.3823979170177718,0.0,0.0,-0.7460388228045816,-0.7460388228045816,-0.7460388228045816,0.0,0.0,0.0,1,1
value_curve,0,64,4,0.9,3,0.8,6,0.05,0.0,0.0,none,0.727424114885066,1.2005902904745418,0.32700806971429186,1.206671843964177,0.11265912286242064,0.32700806971429186,0.0,0.0,-0.7460388228045816,-0.7460388228045816,-0.7460388228045816,0.0,0.0,0.0,1,1
value_curve,0,64,4,0.9,3,0.8,7,0.05,0.0,0.0,none,0.602159062367589,1.043615496484741,0.28269619187150785,1.0431593795996603,0.11265912286242064,0.28269619187150785,0.0,0.0,-0.7460388228045816,-0.7460388228045816,-0.7460388228045816,0.0,0.0,0.0,1,1
value_curve,0,64,4,0.9,3,0.8,8,0.05,0.0,0.0,none,0.5019470203536072,0.9180356612929005,0.24724668959728024,0.9123494081080455,0.11265912286242064,0.24724668959728024,0.0,0.0,-0.7460388228045816,-0.7460388228045816,-0.7460388228045816,0.0,0.0,0.0,1,1
value_curve,0,64,4,0.9,3,0.8,9,0.05,0.0,0.0,none,0.4217773867424217,0.8175717931394278,0.21888708777789834,0.8077014309147543,0.11265912286242064,0.21888708777789834,0.0,0.0,-0.7460388228045816,-0.7460388228045816,-0.7460388228045816,0.0,0.0,0.0,1,1
value_curve,0,64,4,0.9,3,0.8,10,0.05,0.0,0.0,none,0.3576416798534736,0.7372006986166497,0.19619940632239308,0.7239830491601223,0.11265912286242064,0.19619940632239308,0.0,0.0,-0.7460388228045816,-0.7460388228045816,-0.7460388228045816,0.0,0.0,0.0,1,1
value_curve,0,64,4,0.9,3,0.8,11,0.05,0.0,0.0,none,0.3063331143423147,0.6729038229984274,0.17804926115798825,0.6570083437564144,0.11265912286242064,0.17804926115798825,0.0,0.0,-0.7460388228045816,-0.7460388228045816,-0.7460388228045816,0.0,0.0,0.0,1,1
value_curve,0,64,4,0.9,3,0.8,12,0.05,0.0,0.0,none,0.265286261933388,0.6214663225038494,0.1635291450264651,0.6034285794334507,0.11265912286242064,0.1635291450264651,0.0,0.0,-0.7460388228045816,-0.7460388228045816,-0.7460388228045816,0.0,0.0,0.0,1,1
value_curve,0,64,4,0.9,3,0.8,13,0.05,0.0,0.0,none,0.23244878000624647,0.5803163221081871,0.1519130521212464,0.5605647679750791,0.11265912286242064,0.1519130521212464,0.0,0.0,-0.7460388228045816,-0.7460388228045816,-0.7460388228045816,0.0,0.0,0.0,1,1
value_curve,0,64,4,0.9,3,0.8,14,0.05,0.0,0.0,none,0.20617879446453324,0.5473963217916571,0.1426201777970708,0.5262737188083796,0.11265912286242064,0.1426201777970708,0.0,0.0,-0.7460388228045816,-0.7460388228045816,-0.7460388228045816,0.0,0.0,0.0,1,1
value_curve,0,64,4,0.9,3,0.8,15,0.05,0.0,0.0,none,0.18516280603116275,0.5210603215384333,0.13518587833773088,0.49884087947502187,0.11265912286242064,0.13518587833773088,0.0,0.0,-0.7460388228045816,-0.7460388228045816,-0.7460388228045816,0.0,0.0,0.0,1,1
value_curve,0,64,4,0.9,3,0.8,16,0.05,0.0,0.0,none,0.16835001528446636,0.4999915213358541,0.12923843877025876,0.47689460800833505,0.11265912286242064,0.12923843877025876,0.0,0.0,-0.7460388228045816,-0.7460388228045816,-0.7460388228045816,0.0,0.0,0.0,1,1
value_curve,0,64,4,0.9,3,0.8,17,0.05,0.0,0.0,none,0.15489978268710924,0.4831364811737908,0.12448048711628124,0.45933759083498626,0.11265912286242064,0.12448048711628124,0.0,0.0,-0.7460388228045816,-0.7460388228045816,-0.7460388228045816,0.0,0.0,0.0,1,1
value_curve,0,64,4,0.9,3,0.8,18,0.05,0.0,0.0,none,0.14413959660922337,0.46965244904414016,0.12067412579309922,0.44529197709630725,0.11265912286242064,0.12067412579309922,0.0,0.0,-0.7460388228045816,-0.7460388228045816,-0.7460388228045816,0.0,0.0,0.0,1,1
value_curve,0,64,4,0.9,3,0.8,19,0.05,0.0,0.0,none,0.13553144774691495,0.4588652233404196,0.1176290367345536,0.434055486105364,0.11265912286242064,0.1176290367345536,0.0,0.0,-0.7460388228045816,-0.7460388228045816,-0.7460388228045816,0.0,0.0,0.0,1,1
value_curve,0,64,4,0.9,3,0.8,20,0.05,0.0,0.0,none,0.1286449286570681,0.4502354427774432,0.11519296548771729,0.4250662933126101,0.11265912286242064,0.11519296548771729,0.0,0.0,-0.7460388228045816,-0.7460388228045816,-0.7460388228045816,0.0,0.0,0.0,1,1
value_curve,0,64,4,0.9,3,0.95,1,0.05,0.0,0.0,none,2.7344069793318746,3.2600700781990066,1.1200579538536553,4.133055180271792,0.11265912286242064,1.1200579538536553,0.0,0.0,-0.7460388228045816,-0.7460388228045816,-0.7460388228045816,0.0,0.0,0.0,1,1
value_curve,0,64,4,0.9,3,0.95,2,0.05,0.0,0.0,none,2.592189291448201,3.117852390315333,1.0589884481502878,3.9077064507390706,0.11265912286242064,1.0589884481502878,0.0,0.0,-0.7460388228045816,-0.7460388228045816,-0.7460388228045816,0.0,0.0,0.0,1,1
value_curve,0,64,4,0.9,3,0.95,3,0.05,0.0,0.0,none,2.457082487958711,2.982745586825843,1.000972417732089,3.693625157682986,0.11265912286242064,1.000972417732089,0.0,0.0,-0.7460388228045816,-0.7460388228045816,-0.7460388228045816,0.0,0.0,0.0,1,1
value_curve,0,64,4,0.9,3,0.95,4,0.05,0.0,0.0,none,2.328731024643696,2.8543941235108274,0.9458571888347999,3.4902479292797053,0.11265912286242064,0.9458571888347999,0.0,0.0,-0.7460388228045816,-0.7460388228045816,-0.7460388228045816,0.0,0.0,0.0,1,1
value_curve,0,64,4,0.9,3,0.95,5,0.05,0.0,0.0,none,2.2067971344944306,2.7324602333615626,0.8934977213823752,3.2970395622965882,0.11265912286242064,0.8934977213823752,0.0,0.0,-0.7460388228045816,-0.7460388228045816,-0.7460388228045816,0.0,0.0,0.0,1,1
value_curve,0,64,4,0.9,3,0.95,6,0.05,0.0,0.0,none,2.0909599388526297,2.6166230377197617,0.843756227302572,3.1134916136626285,0.11265912286242064,0.843756227302572,0.0,0.0,-0.7460388228045816,-0.7460388228045816,-0.7460388228045816,0.0,0.0,0.0,1,1
value_curve,0,64,4,0.9,3,0.95,7,0.05,0.0,0.0,none,1.980914602992918,2.50657770186005,0.7965018079267586,2.939121062460365,0.11265912286242064,0.7965018079267586,0.0,0.0,-0.7460388228045816,-0.7460388228045816,-0.7460388228045816,0.0,0.0,0.0,1,1
value_curve,0,64,4,0.9,3,0.95,8,0.05,0.0,0.0,none,1.8763715339261926,2.402034632793325,0.7516101095197361,2.7734690388182153,0.11265912286242064,0.7516101095197361,0.0,0.0,-0.7460388228045816,-0.7460388228045816,-0.7460388228045816,0.0,0.0,0.0,1,1
value_curve,0,64,4,0.9,3,0.95,9,0.05,0.0,0.0,none,1.777055618312803,2.302718717179935,0.7089629960330648,2.6160996163581736,0.11265912286242064,0.7089629960330648,0.0,0.0,-0.7460388228045816,-0.7460388228045816,-0.7460388228045816,0.0,0.0,0.0,1,1
value_curve,0,64,4,0.9,3,0.95,10,0.05,0.0,0.0,none,1.6827054984800833,2.2083685973472154,0.6684482382207271,2.466598665021134,0.11265912286242064,0.6684482382207271,0.0,0.0,-0.7460388228045816,-0.7460388228045816,-0.7460388228045816,0.0,0.0,0.0,1,1
value_curve,0,64,4,0.9,3,0.95,11,0.05,0.0,0.0,none,1.5930728846389992,2.1187359835061312,0.6299592182990061,2.324572761250946,0.11265912286242064,0.6299592182990061,0.0,0.0,-0.7460388228045816,-0.7460388228045816,-0.7460388228045816,0.0,0.0,0.0,1,1
value_curve,0,64,4,0.9,3,0.95,12,0.05,0.0,0.0,none,1.5079219014899694,2.0335850003571014,0.593394649373371,2.1896481526692666,0.11265912286242064,0.593394649373371,0.0,0.0,-0.7460388228045816,-0.7460388228045816,-0.7460388228045816,0.0,0.0,0.0,1,1
value_curve,0,64,4,0.9,3,0.95,13,0.05,0.0,0.0,none,1.427028467498391,1.9526915663655235,0.5586583088940178,2.0614697745166715,0.11265912286242064,0.5586583088940178,0.0,0.0,-0.7460388228045816,-0.7460388228045816,-0.7460388228045816,0.0,0.0,0.0,1,1
value_curve,0,64,4,0.9,3,0.95,14,0.05,0.0,0.0,none,1.3501797052063915,1.8758428040735238,0.5256587854386325,1.9397003152717074,0.11265912286242064,0.5256587854386325,0.0,0.0,-0.7460388228045816,-0.7460388228045816,-0.7460388228045816,0.0,0.0,0.0,1,1
value_curve,0,64,4,0.9,3,0.95,15,0.05,0.0,0.0,none,1.2771733810289925,1.8028364798961247,0.4970140872323996,1.834000321890774,0.11265912286242064,0.4970140872323996,0.0,0.0,-0.7460388228045816,-0.7460388228045816,-0.7460388228045816,0.0,0.0,0.0,1,1
value_curve,0,64,4,0.9,3,0.95,16,0.05,0.0,0.0,none,1.2078173730604629,1.733480471927595,0.47743581689579817,1.761755781903315,0.11265912286242064,0.47743581689579817,0.0,0.0,-0.7460388228045816,-0.7460388228045816,-0.7460388228045816,0.0,0.0,0.0,1,1
value_curve,0,64,4,0.9,3,0.95,17,0.05,0.0,0.0,none,1.1419291654903603,1.6675922643574923,0.45883646007602685,1.6931234689152288,0.11265912286242064,0.45883646007602685,0.0,0.0,-0.7460388228045816,-0.7460388228045816,-0.7460388228045816,0.0,0.0,0.0,1,1
value_curve,0,64,4,0.9,3,0.95,18,0.05,0.0,0.0,none,1.0793353682987623,1.6049984671658946,0.44116707109724373,1.6279227715765456,0.11265912286242064,0.44116707109724373,0.0,0.0,-0.7460388228045816,-0.7460388228045816,-0.7460388228045816,0.0,0.0,0.0,1,1
value_curve,0,64,4,0.9,3,0.95,19,0.05,0.0,0.0,none,1.0198712609667442,1.5455343598338764,0.4243811515674003,1.5659821091047987,0.11265912286242064,0.4243811515674003,0.0,0.0,-0.7460388228045816,-0.7460388228045816,-0.7460388228045816,0.0,0.0,0.0,1,1
value_curve,0,64,4,0.9,3,0.95,20,0.05,0.0,0.0,none,0.9633803590013275,1.4890434578684597,0.4084345280140489,1.5071384797566385,0.11265912286242064,0.4084345280140489,0.0,0.0,-0.7460388228045816,-0.7460388228045816,-0.7460388228045816,0.0,0.0,0.0,1,1
cpi_curve,0,64,4,0.9,3,0.2,16,0.1,0.0,1.0,evaluator,0.24279972071308886,0.8314326410714187,0.22531824572452752,0.8314326410499173,0.2253182457248416,0.22531824572452752,0.0731560497602867,1.4965787539285536,-0.7460388228045816,-0.7460388228045816,-0.7460388228045816,0.45453853981633024,0.0,0.0,1,1
cpi_curve,0,64,4,0.9,3,0.2,16,0.1,0.05,1.0,evaluator,0.24279972071308886,0.8314326410714187,0.22531824572452752,0.8314326410499173,0.2253182457248416,0.22531824572452752,0.0731560497602867,1.4965787539285536,-0.7460388228045816,-0.7317902955448802,-0.7306739518277373,0.45453853981633024,0.9528317198816258,0.2411203677974921,1,1
cpi_curve,0,64,4,0.9,3,0.2,16,0.1,0.1,1.0,evaluator,0.24279972071308886,0.8314326410714187,0.22531824572452752,0.8314326410499173,0.2253182457248416,0.22531824572452752,0.0731560497602867,1.4965787539285536,-0.7460388228045816,-0.7179237190697557,-0.715309080850893,0.45453853981633024,2.314748125597949,0.8913254214296816,1,1
cpi_curve,0,64,4,0.9,3,0.2,16,0.1,0.15,1.0,evaluator,0.24279972071308886,0.8314326410714187,0.22531824572452752,0.8314326410499173,0.2253182457248416,0.22531824572452752,0.0731560497602867,1.4965787539285536,-0.7460388228045816,-0.7043812556207093,-0.6999442098740487,0.45453853981633024,4.085749217148969,1.9506151608965683,1,1
cpi_curve,0,64,4,0.9,3,0.2,16,0.1,0.2,1.0,evaluator,0.24279972071308886,0.8314326410714187,0.22531824572452752,0.8314326410499173,0.2253182457248416,0.22531824572452752,0.0731560497602867,1.4965787539285536,-0.7460388228045816,-0.6911074511210331,-0.6845793388972043,0.45453853981633024,6.265834994534688,3.4189895861981534,1,1
cpi_curve,0,64,4,0.9,3,0.2,16,0.1,0.25,1.0,evaluator,0.24279972071308886,0.8314326410714187,0.22531824572452752,0.8314326410499173,0.2253182457248416,0.22531824572452752,0.0731560497602867,1.4965787539285536,-0.7460388228045816,-0.6780491504788543,-0.6692144679203601,0.45453853981633024,8.855005457755102,5.2964486973344345,1,1
cpi_curve,0,64,4,0.9,3,0.2,16,0.1,0.3,1.0,evaluator,0.24279972071308886,0.8314326410714187,0.22531824572452752,0.8314326410499173,0.2253182457248416,0.22531824572452752,0.0731560497602867,1.4965787539285536,-0.7460388228045816,-0.6651554240884248,-0.6538495969435159,0.45453853981633024,11.853260606810215,7.5829924943054134,1,1
cpi_curve,0,64,4,0.9,3,0.2,16,0.1,0.35,1.0,evaluator,0.24279972071308886,0.8314326410714187,0.22531824572452752,0.8314326410499173,0.2253182457248416,0.22531824572452752,0.0731560497602867,1.4965787539285536,-0.7460388228045816,-0.6523775053673487,-0.6384847259666715,0.45453853981633024,15.260600441700024,10.278620977111089,1,1
cpi_curve,0,64,4,0.9,3,0.2,16,0.1,0.4,1.0,evaluator,0.24279972071308886,0.8314326410714187,0.22531824572452752,0.8314326410499173,0.2253182457248416,0.22531824572452752,0.0731560497602867,1.4965787539285536,-0.7460388228045816,-0.6396687390501827,-0.6231198549898272,0.45453853981633024,19.077024962424538,13.383334145751466,1,1
cpi_curve,0,64,4,0.9,3,0.2,16,0.1,0.45,1.0,evaluator,0.24279972071308886,0.8314326410714187,0.22531824572452752,0.8314326410499173,0.2253182457248416,0.22531824572452752,0.0731560497602867,1.4965787539285536,-0.7460388228045816,-0.6269845398420619,-0.6077549840129829,0.45453853981633024,23.30253416898374,16.897132000226534,1,1
cpi_curve,0,64,4,0.9,3,0.2,16,0.1,0.5,1.0,evaluator,0.24279972071308886,0.8314326410714187,0.22531824572452752,0.8314326410499173,0.2253182457248416,0.22531824572452752,0.0731560497602867,1.4965787539285536,-0.7460388228045816,-0.6142823609198956,-0.5923901130361386,0.45453853981633024,27.937128061377642,20.820014540536302,1,1
cpi_curve,0,64,4,0.9,3,0.2,16,0.1,0.55,1.0,evaluator,0.24279972071308886,0.8314326410714187,0.22531824572452752,0.8314326410499173,0.2253182457248416,0.22531824572452752,0.0731560497602867,1.4965787539285536,-0.7460388228045816,-0.601521671654008,-0.5770252420592943,0.45453853981633024,32.98080663960624,25.151981766680777,1,1
cpi_curve,0,64,4,0.9,3,0.2,16,0.1,0.6,1.0,evaluator,0.24279972071308886,0.8314326410714187,0.22531824572452752,0.8314326410499173,0.2253182457248416,0.22531824572452752,0.0731560497602867,1.4965787539285536,-0.7460388228045816,-0.588663943811094,-0.56166037108245,0.45453853981633024,38.433569903669536,29.893033678659933,1,1
cpi_curve,0,64,4,0.9,3,0.2,16,0.1,0.65,1.0,evaluator,0.24279972071308886,0.8314326410714187,0.22531824572452752,0.8314326410499173,0.2253182457248416,0.22531824572452752,0.0731560497602867,1.4965787539285536,-0.7460388228045816,-0.5756726453916253,-0.5462955001056057,0.45453853981633024,44.29541785356754,35.0431702764738,1,1
cpi_curve,0,64,4,0.9,3,0.2,16,0.1,0.7,1.0,evaluator,0.24279972071308886,0.8314326410714187,0.22531824572452752,0.8314326410499173,0.2253182457248416,0.22531824572452752,0.0731560497602867,1.4965787539285536,-0.7460388228045816,-0.5625132411533265,-0.5309306291287614,0.45453853981633024,50.56635048930022,40.60239156012235,1,1
cpi_curve,0,64,4,0.9,3,0.2,16,0.1,0.75,1.0,evaluator,0.24279972071308886,0.8314326410714187,0.22531824572452752,0.8314326410499173,0.2253182457248416,0.22531824572452752,0.0731560497602867,1.4965787539285536,-0.7460388228045816,-0.5491531987793185,-0.5155657581519171,0.45453853981633024,57.24636781086762,46.57069752960561,1,1
cpi_curve,0,64,4,0.9,3,0.2,16,0.1,0.8,1.0,evaluator,0.24279972071308886,0.8314326410714187,0.22531824572452752,0.8314326410499173,0.2253182457248416,0.22531824572452752,0.0731560497602867,1.4965787539285536,-0.7460388228045816,-0.5355619995673644,-0.5002008871750728,0.45453853981633024,64.33546981826971,52.94808818492357,1,1
cpi_curve,0,64,4,0.9,3,0.2,16,0.1,0.85,1.0,evaluator,0.24279972071308886,0.8314326410714187,0.22531824572452752,0.8314326410499173,0.2253182457248416,0.22531824572452752,0.0731560497602867,1.4965787539285536,-0.7460388228045816,-0.5217111524478376,-0.4848360161982285,0.45453853981633024,71.83365651150649,59.73456352607621,1,1
cpi_curve,0,64,4,0.9,3,0.2,16,0.1,0.9,1.0,evaluator,0.24279972071308886,0.8314326410714187,0.22531824572452752,0.8314326410499173,0.2253182457248416,0.22531824572452752,0.0731560497602867,1.4965787539285536,-0.7460388228045816,-0.5075742100850298,-0.4694711452213842,0.45453853981633024,79.74092789057796,66.93012355306357,1,1
cpi_curve,0,64,4,0.9,3,0.2,16,0.1,0.95,1.0,evaluator,0.24279972071308886,0.8314326410714187,0.22531824572452752,0.8314326410499173,0.2253182457248416,0.22531824572452752,0.0731560497602867,1.4965787539285536,-0.7460388228045816,-0.4931267857814935,-0.4541062742445399,0.45453853981633024,88.05728395548414,74.5347682658856,1,1
cpi_curve,0,64,4,0.9,3,0.2,16,0.1,1.0,1.0,evaluator,0.24279972071308886,0.8314326410714187,0.22531824572452752,0.8314326410499173,0.2253182457248416,0.22531824572452752,0.0731560497602867,1.4965787539285536,-0.7460388228045816,-0.4783465698902826,-0.4387414032676956,0.45453853981633024,96.78272470622503,82.54849766454235,1,1
